text,label
the song red_heart pinched_fingers_light_skin_tone fire,+
got it here's the revised review with that detail included star number number appearance wise very satisfied it has a sleek and stylish design headphone sparkles the sound quality is excellent however the connectiondisconnection notifications and modeswitching sounds are quite loud speaker_high_volume and can be a bit overwhelming the app support is decent but could use some improvements for a smoother experience also my mistake but i tried the find my device alarm while wearing the earbuds and it hurt my earsits effective but definitely loud grinning_face_with_sweat,+
literally best nepali song year red_heart,+
coming here to see partimaa name face_with_tears_of_joy red_heart,+
what a song yaar smiling_face_with_hearteyes it is so awesome it carries all the boys love stories,+
name fire red_heart red_heart,+
global trending party_popper red_heart,+
red_heart red_heart superb bhai,+
check_mark dherai ramro grinning_face face_blowing_a_kiss face_blowing_a_kiss red_heart,+
you siddhartha name okay red_heart red_heart,+
thanks for the well presented video resew much appreciated,+
red_heart red_heart so much cute smiling_face_with_hearts smiling_face_with_hearts smiling_face_with_hearts smiling_face_with_hearts winking_face_with_tongue winking_face_with_tongue face_blowing_a_kiss face_blowing_a_kiss,+
loved it sunflower globe_showing_EuropeAfrica red_heart,+
please make a hindi version also please the vibe is so beautiful red_heart,+
name faapena broken_heart red_heart musical_notes broken_heart clinking_glasses,+
it's been number years since this song came out still a masterpiece,+
it's great to hear that you find our product to be a good value for money we look forward to hearing your thoughts once you've had a chance to use it and see the results if you have any questions or need assistance along the way feel free to reach out we're here to help,+
his voice relieved_face smiling_face_with_open_hands sparkles crescent_moon,+
great pictures party_popper party_popper red_heart red_heart,+
nice shoe on cheap price smiling_face_with_halo,+
lovely brother leep it up,+
dherei ramro,+
not that the story need be long but it will take a long while to make it short just mesmerized red_heart,+
sounds like good,+
fire og,+
i am watching this song in year and i never get bored listening song again and again growing_heart,+
red_heart red_heart wow really amazing concept also smiling_face_with_smiling_eyes you both are made for each other beautiful couple smiling_face_with_hearteyes,+
it's so good i love this product,+
not only a line whole song is masterpiece heart_hands red_heart,+
music is drug pleading_face red_heart,+
yt ma number hours dhila kina grinning_face_with_sweat,-
the sipper was detached,-
number sobda sunda aanta aauni,-
every tears remind me of her the memories which i never erase and the moment i couldnt create again purple_heart,-
but mutu is not sasto,-
name double wala feel awxa tw yo geet le smiling_face_with_tear face_with_hand_over_mouth,-
my god the smell is so strong and weird tired_face how can one put this on face with so strong fragrance noncomedogenic product written but i don'tw think it can be compared to other products like this sorry but product wise i don'tw like this,-
name kehi difference payena before after name,-
refreshing,-
didn'tw even relize that this song was from year number watching in year number number,-
i am here because bhaswati sent me this link,-
lu comment sunnuhos location dajuvai didibai name ni kehi xaina rama ram nahernuhola chutiya banauchhan sala paila yesto film bindabashihallohshrikrishnaha ha name,-
i like only boy grinning_face_with_sweat because i am also a boy,-
name tw master hune name dai face_with_tears_of_joy,-
book quality is just okay it doesn'tw have foreword by writers and have not good print format i am just keeping it to avoid all the process for refund choose wisely,-
this lotion does not feel greasy it leaves your skin hydrated and moisturize that may feel slightly sticky initially after a while it's stickyness disappears,-
name sometimes no matter how hard we try even when we love with all our hearts situations and life name waves just name allow to lives to go in the same direction and even when both try the constant forces bend and twist us so badly that ultimately someone breaks if not both this song means so much to so many people in so many different ways and has cult status so almost no video wud have justified or satisfied everyone and same is the case with me thank you though,-
a bit overpriced but seems to not have impurities worked great for me,-
yesto maya name nabanauna hw janai aasu jhoryo,-
the tip of this product is so pointed and sharp which will scratch your sclapdon'tw buy it,-
time this part sounds more like bhajaan face_with_tears_of_joy,-
i cried a lot loudly_crying_face loudly_crying_face,-
teasing my sibling for a bad taste of music for number years and then she introduced me to this gem smiling_face_with_sunglasses exploding_head hundred_points forever greatfulkuddos daaju name,-
anyone in year or year after number years,-
heart break song broken_heart broken_heart time,-
somebody help me download this song loudly_crying_face,-
two versatile actors in a single frame wohh party_popper,-
alu jasto xa world name internet,-
god darnso done with those fake accentand jabarjasti name,-
it removed all my makeup but its was not worth it done used cleaning oil if you have oily acne skin,-
heavy manparyo combination of lyrics and music over dammixa name daur die hard fan from location location,=
naya youtober mili aaghadi badau,=
sister location ma poco f1 aaile available xa ki naae ani name parlaa location market ma plzz reply me folded_hands,=
location trending song from northeast tripura location India,=
brilliant movie organic acting this movie deservesd to be one of the finest movie in the history of location cheers,=
yo flim name aakha bata aausu aayo thahai name,=
i don'tw know how he comes to make music that somehow relates to every individual into somewhere of sometime i hope whoever is going through any hard times in life or has been i hope and pray you find peace and happiness thank you name vai you are such a gem to nepali music,=
name krishna music musical_notes glowing_star star triangular_flag musical_notes musical_note musical_notes dizzy glowing_star star,=
karma is real pleading_face pleading_face,=
listening this masterpiece in year,=
i am from location i bought product name from amazon at number 08nc but hukut ma number number lakh xa for same product name number giga bytes,=
it was my first purchase and i'm writing after using the product i found its good for my combination skin red_heart,=
a bit cracky but does the work well,=
whoever watching in year iknow it's beautiful throwback laughing out loud,=
location aaunaw,=
name,=
goosebumps,=
line hits bullseye time,=
can you also come in location,=
sanket mama ma yeta comment tira location,=
number patak herna aye feri face_with_tears_of_joy face_with_tears_of_joy,=
name cash on delivery option kholdinu paryo,=
finally hundred millionillion views complete party_popper party_popper,=
redmi number prime ayko name nepalma,=
one of the best peanut butter out there i have ate like number boxes of this in number month,=
location from anautho mutu to song love doesn'tw always end with happy ending his songs are literally about heartbreak but the appreciation and no hate in the lyrics of his songs always uplift my point of view for his songs,=
yes i am from location lanka,=
en sevdiğim şarkıcı,=
i will try it first time and it's first day when drink this my energy is boosted it is reasonable for this price range and workable,=
babbal songs,=
